monolith-v4.yml,monolith-stack-v4,node,100,1000,1,10,true,0.2,5,1
monolith-v4.yml,monolith-stack-v4,node,100,1000,1,10,true,0.2,5,4
monolith-v4.yml,monolith-stack-v4,node,100,1000,1,10,true,0.2,10,1
monolith-v4.yml,monolith-stack-v4,node,100,1000,1,10,true,0.2,10,4
monolith-v4.yml,monolith-stack-v4,node,100,1000,1,10,true,0.2,15,1
monolith-v4.yml,monolith-stack-v4,node,100,1000,1,10,true,0.2,15,4
monolith-v4.yml,monolith-stack-v4,node,100,1000,1,10,true,0.3,5,1
monolith-v4.yml,monolith-stack-v4,node,100,1000,1,10,true,0.3,5,4
monolith-v4.yml,monolith-stack-v4,node,100,1000,1,10,true,0.3,10,1
monolith-v4.yml,monolith-stack-v4,node,100,1000,1,10,true,0.3,10,4
monolith-v4.yml,monolith-stack-v4,node,100,1000,1,10,true,0.3,15,1
monolith-v4.yml,monolith-stack-v4,node,100,1000,1,10,true,0.3,15,4
monolith-v4.yml,monolith-stack-v4,node,100,1000,1,10,true,0.4,5,1
monolith-v4.yml,monolith-stack-v4,node,100,1000,1,10,true,0.4,5,4
monolith-v4.yml,monolith-stack-v4,node,100,1000,1,10,true,0.4,10,1
monolith-v4.yml,monolith-stack-v4,node,100,1000,1,10,true,0.4,10,4
monolith-v4.yml,monolith-stack-v4,node,100,1000,1,10,true,0.4,15,1
monolith-v4.yml,monolith-stack-v4,node,100,1000,1,10,true,0.4,15,4
monolith-v4.yml,monolith-stack-v4,node,100,1000,1,10,true,0.5,5,1
monolith-v4.yml,monolith-stack-v4,node,100,1000,1,10,true,0.5,5,4
monolith-v4.yml,monolith-stack-v4,node,100,1000,1,10,true,0.5,10,1
monolith-v4.yml,monolith-stack-v4,node,100,1000,1,10,true,0.5,10,4
monolith-v4.yml,monolith-stack-v4,node,100,1000,1,10,true,0.5,15,1
monolith-v4.yml,monolith-stack-v4,node,100,1000,1,10,true,0.5,15,4
monolith-v4.yml,monolith-stack-v4,node,100,1000,1,10,true,0.5,20,1
monolith-v4.yml,monolith-stack-v4,node,100,1000,1,10,true,0.5,20,4
monolith-v4.yml,monolith-stack-v4,node,100,1000,1,10,true,0.5,25,1
monolith-v4.yml,monolith-stack-v4,node,100,1000,1,10,true,0.5,25,4
monolith-v4.yml,monolith-stack-v4,node,100,1000,1,10,false,0,0,1
monolith-v4.yml,monolith-stack-v4,node,100,1000,1,10,false,0,0,2
monolith-v4.yml,monolith-stack-v4,node,100,1000,1,10,false,0,0,3
monolith-v4.yml,monolith-stack-v4,node,100,1000,1,10,false,0,0,4
monolith-v4.yml,monolith-stack-v4,node,100,1000,1,10,false,0,0,5
monolith-v4.yml,monolith-stack-v4,node,100,1000,1,10,false,0,0,8
monolith-v4.yml,monolith-stack-v4,node,100,1000,1,10,false,0,0,10
monolith-v4.yml,monolith-stack-v4,node,100,1000,1,10,false,0,0,15
monolith-v4.yml,monolith-stack-v4,node,100,1000,1,10,false,0,0,20
